GB_GCA_000402775.1|RS_GCF_000337335.1	0.000000
GB_GCA_000402775.1|GB_GCA_000494105.1	0.037115
GB_GCA_000402775.1|U_75512	0.104054
GB_GCA_000402775.1	1.000000
U_76716|U_75512	0.464790
U_76716	1.000000
U_66301|U_75512	0.922858
U_66301	1.000000
U_68073|U_75512	0.999262
U_68073	1.000000
U_75512	1.000000
GB_GCA_000806035.1|GB_GCA_000494105.1	0.068578
GB_GCA_000806035.1|U_75748	0.134011
GB_GCA_000806035.1|U_75520	0.505873
GB_GCA_000806035.1	1.000000
GB_GCA_000830275.1|U_75520	0.610357
GB_GCA_000830275.1	1.000000
GB_GCA_000402355.1|U_75520	0.778486
GB_GCA_000402355.1	1.000000
U_75520	1.000000
U_67013|U_75748	0.252535
U_67013|U_66999	0.520676
U_67013	1.000000
U_66992|U_66999	0.672545
U_66992	1.000000
U_66999	1.000000
U_67001|U_75748	0.334834
U_67001	1.000000
U_77068|U_75748	0.736924
U_77068|U_77998	0.999494
U_77068	1.000000
U_75761|U_77998	1.000000
U_75761	1.000000
U_75742|U_77998	1.000000
U_75742	1.000000
U_77998	1.000000
U_72110|U_75748	0.997654
U_72110	1.000000
U_75762|U_75748	0.998763
U_75762	1.000000
U_77871|U_75748	0.999290
U_77871	1.000000
U_74165|U_75748	0.999645
U_74165	1.000000
U_75748	1.000000
GB_GCA_000404305.1|GB_GCA_000494105.1	0.120513
GB_GCA_000404305.1|GB_GCA_001564195.1	0.194256
GB_GCA_000404305.1|GB_GCA_000806115.1	0.291061
GB_GCA_000404305.1	1.000000
GB_GCA_000405245.1|GB_GCA_000806115.1	0.338353
GB_GCA_000405245.1	1.000000
GB_GCA_000806115.1	1.000000
GB_GCA_000220375.1|GB_GCA_001564195.1	0.728885
GB_GCA_000220375.1|GB_GCA_001564035.1	0.764176
GB_GCA_000220375.1	1.000000
GB_GCA_001564145.1|GB_GCA_001564035.1	0.858662
GB_GCA_001564145.1	1.000000
GB_GCA_001563915.1|GB_GCA_001564035.1	0.939486
GB_GCA_001563915.1	1.000000
GB_GCA_001564035.1	1.000000
GB_GCA_001563995.1|GB_GCA_001564195.1	0.777960
GB_GCA_001563995.1	1.000000
GB_GCA_001563905.1|GB_GCA_001564195.1	0.881954
GB_GCA_001563905.1	1.000000
GB_GCA_001563875.1|GB_GCA_001564195.1	0.996289
GB_GCA_001563875.1	1.000000
GB_GCA_001564195.1	1.000000
GB_GCA_000008085.1|GB_GCA_000494105.1	0.187184
GB_GCA_000008085.1|U_77870	0.270803
GB_GCA_000008085.1|GB_GCA_001552015.1	0.473501
GB_GCA_000008085.1	1.000000
GB_GCA_000387965.1|GB_GCA_001552015.1	0.973912
GB_GCA_000387965.1	1.000000
GB_GCA_001552015.1	1.000000
U_75756|U_77870	0.878651
U_75756|U_77058	0.998827
U_75756	1.000000
U_77050|U_77058	0.999255
U_77050	1.000000
U_74167|U_77058	0.999627
U_74167	1.000000
U_72107|U_77058	1.000000
U_72107	1.000000
U_77058	1.000000
GB_GCA_000192615.1|U_77870	0.998416
GB_GCA_000192615.1	1.000000
U_75719|U_77870	0.998806
U_75719	1.000000
U_72106|U_77870	0.999158
U_72106|U_77060	0.999579
U_72106	1.000000
U_77060	1.000000
U_74163|U_77870	0.999473
U_74163	1.000000
U_75749|U_77870	0.999737
U_75749	1.000000
U_77870	1.000000
U_73890|GB_GCA_000494105.1	0.257741
U_73890|U_77074	0.730350
U_73890	1.000000
U_77074	1.000000
U_67541|GB_GCA_000494105.1	0.310226
U_67541|U_75519	0.372566
U_67541	1.000000
GB_GCA_000805925.1|U_75519	0.415253
GB_GCA_000805925.1|U_75808	0.459944
GB_GCA_000805925.1|GB_GCA_000830295.1	0.518385
GB_GCA_000805925.1	1.000000
GB_GCA_000830295.1	1.000000
GB_GCA_000805935.1|U_75808	0.500328
GB_GCA_000805935.1	1.000000
GB_GCA_001595785.1|U_75808	0.567472
GB_GCA_001595785.1	1.000000
U_68164|U_75808	0.672418
U_68164	1.000000
U_75808	1.000000
GB_GCA_000806075.1|U_75519	0.456089
GB_GCA_000806075.1|GB_GCA_000806135.1	0.513911
GB_GCA_000806075.1	1.000000
GB_GCA_000806095.1|GB_GCA_000806135.1	0.573170
GB_GCA_000806095.1	1.000000
GB_GCA_000806135.1	1.000000
U_66997|U_75519	0.564836
U_66997	1.000000
U_68078|U_75519	0.999375
U_68078	1.000000
U_75519	1.000000
GB_GCA_000805915.1|GB_GCA_000494105.1	0.365458
GB_GCA_000805915.1|GB_GCA_000806055.1	0.482071
GB_GCA_000805915.1	1.000000
U_72501|GB_GCA_000806055.1	0.544705
U_72501	1.000000
U_66715|GB_GCA_000806055.1	0.645024
U_66715|U_66982	0.765312
U_66715	1.000000
U_66982	1.000000
GB_GCA_000405225.1|GB_GCA_000806055.1	0.732409
GB_GCA_000405225.1	1.000000
GB_GCA_000806015.1|GB_GCA_000806055.1	0.766964
GB_GCA_000806015.1	1.000000
GB_GCA_000805965.1|GB_GCA_000806055.1	0.808601
GB_GCA_000805965.1	1.000000
GB_GCA_000806055.1	1.000000
GB_GCA_000805995.1|GB_GCA_000494105.1	0.417060
GB_GCA_000805995.1|GB_GCA_000806155.1	0.515821
GB_GCA_000805995.1	1.000000
GB_GCA_000806155.1	1.000000
U_75510|GB_GCA_000494105.1	0.472287
U_75510|U_76719	0.995877
U_75510	1.000000
U_76719	1.000000
GB_GCA_000830315.1|GB_GCA_000494105.1	0.536555
GB_GCA_000830315.1	1.000000
GB_GCA_000402735.1|GB_GCA_000494105.1	0.990754
GB_GCA_000402735.1|GB_GCA_000494085.1	1.000000
GB_GCA_000402735.1	1.000000
GB_GCA_000494085.1	1.000000
GB_GCA_000402515.1|GB_GCA_000494105.1	0.999311
GB_GCA_000402515.1	1.000000
GB_GCA_000380905.1|GB_GCA_000494105.1	1.000000
GB_GCA_000380905.1	1.000000
GB_GCA_000494105.1	1.000000
U_74495|RS_GCF_000337335.1	0.036361
U_74495|RS_GCF_000148385.1	0.099360
U_74495|GB_GCA_001563465.1	0.211454
U_74495|U_78348	0.299741
U_74495	1.000000
U_78348	1.000000
GB_GCA_001563325.1|GB_GCA_001563465.1	0.817802
GB_GCA_001563325.1	1.000000
GB_GCA_001563335.1|GB_GCA_001563465.1	0.958674
GB_GCA_001563335.1	1.000000
GB_GCA_001563465.1	1.000000
GB_GCA_001593855.1|RS_GCF_000148385.1	0.157911
GB_GCA_001593855.1|GB_GCA_001627235.1	0.210168
GB_GCA_001593855.1|U_77254	0.296158
GB_GCA_001593855.1|GB_GCA_001593865.1	0.395913
GB_GCA_001593855.1	1.000000
GB_GCA_001593865.1	1.000000
GB_GCA_001577155.1|U_77254	0.342067
GB_GCA_001577155.1|GB_GCA_001593875.1	0.628979
GB_GCA_001577155.1	1.000000
GB_GCA_001593875.1	1.000000
GB_GCA_001273375.1|U_77254	0.391022
GB_GCA_001273375.1|U_68875	0.473394
GB_GCA_001273375.1	1.000000
U_68875	1.000000
GB_GCA_001593845.1|U_77254	0.542359
GB_GCA_001593845.1|GB_GCA_001593935.1	0.683827
GB_GCA_001593845.1	1.000000
GB_GCA_001593925.1|GB_GCA_001593935.1	0.898697
GB_GCA_001593925.1	1.000000
GB_GCA_001593935.1	1.000000
U_70347|U_77254	0.626693
U_70347|GB_GCA_001273385.1	0.685164
U_70347	1.000000
GB_GCA_001273335.1|GB_GCA_001273385.1	0.824150
GB_GCA_001273335.1	1.000000
GB_GCA_001273385.1	1.000000
GB_GCA_001399805.1|U_77254	0.765189
GB_GCA_001399805.1	1.000000
GB_GCA_001399795.1|U_77254	0.995845
GB_GCA_001399795.1	1.000000
U_77254	1.000000
GB_GCA_000270325.1|GB_GCA_001627235.1	0.270636
GB_GCA_000270325.1|GB_GCA_000494125.1	0.509283
GB_GCA_000270325.1|GB_GCA_000405685.1	0.583076
GB_GCA_000270325.1	1.000000
GB_GCA_000405685.1	1.000000
GB_GCA_000398565.1|GB_GCA_000494125.1	0.667970
GB_GCA_000398565.1|GB_GCA_000494185.1	0.998988
GB_GCA_000398565.1	1.000000
GB_GCA_000402965.1|GB_GCA_000494185.1	0.999494
GB_GCA_000402965.1	1.000000
GB_GCA_000494185.1	1.000000
GB_GCA_000405905.1|GB_GCA_000494125.1	0.981757
GB_GCA_000405905.1|GB_GCA_000494145.1	0.997416
GB_GCA_000405905.1	1.000000
GB_GCA_000398505.1|GB_GCA_000494145.1	0.998551
GB_GCA_000398505.1	1.000000
GB_GCA_000494145.1	1.000000
GB_GCA_000402915.1|GB_GCA_000494125.1	0.990433
GB_GCA_000402915.1|GB_GCA_000494165.1	0.998100
GB_GCA_000402915.1	1.000000
GB_GCA_000494165.1	1.000000
GB_GCA_000398485.1|GB_GCA_000494125.1	0.999413
GB_GCA_000398485.1	1.000000
GB_GCA_000380685.1|GB_GCA_000494125.1	1.000000
GB_GCA_000380685.1	1.000000
GB_GCA_000494125.1	1.000000
U_68536|GB_GCA_001627235.1	0.387657
U_68536|U_68541	0.752927
U_68536	1.000000
U_68541	1.000000
GB_GCA_000405745.1|GB_GCA_001627235.1	0.486893
GB_GCA_000405745.1|U_76210	0.520405
GB_GCA_000405745.1	1.000000
U_68077|U_76210	0.551798
U_68077|U_68870	0.611171
U_68077	1.000000
U_68870	1.000000
U_66309|U_76210	0.939067
U_66309	1.000000
U_70205|U_76210	0.988631
U_70205	1.000000
U_69318|U_76210	0.999613
U_69318	1.000000
U_76210	1.000000
U_69894|GB_GCA_001627235.1	0.593987
U_69894|U_71044	0.643901
U_69894	1.000000
GB_GCA_000802205.2|U_71044	0.770720
GB_GCA_000802205.2|U_76056	0.813562
GB_GCA_000802205.2	1.000000
U_72371|U_76056	0.997603
U_72371	1.000000
U_72381|U_76056	0.998277
U_72381	1.000000
U_74744|U_76056	0.998808
U_74744	1.000000
U_73226|U_76056	0.999257
U_73226	1.000000
U_73268|U_76056	0.999625
U_73268	1.000000
U_76056	1.000000
GB_GCA_000698785.1|U_71044	0.854739
GB_GCA_000698785.1|GB_GCA_000730285.1	0.974456
GB_GCA_000698785.1	1.000000
GB_GCA_000730285.1	1.000000
U_69549|U_71044	0.892812
U_69549	1.000000
GB_GCA_000303155.1|U_71044	0.936528
GB_GCA_000303155.1	1.000000
U_71047|U_71044	0.996656
U_71047	1.000000
U_70030|U_71044	0.998008
U_70030	1.000000
U_70033|U_71044	0.998537
U_70033	1.000000
U_71044	1.000000
GB_GCA_000200715.1|GB_GCA_001627235.1	0.755409
GB_GCA_000200715.1	1.000000
RS_GCF_000220175.1|GB_GCA_001627235.1	0.798103
RS_GCF_000220175.1|U_75870	0.872453
RS_GCF_000220175.1|RS_GCF_000241145.1	0.938376
RS_GCF_000220175.1	1.000000
GB_GCA_000204585.1|RS_GCF_000241145.1	0.995202
GB_GCA_000204585.1	1.000000
RS_GCF_000241145.1	1.000000
GB_GCA_000875775.1|U_75870	0.904181
GB_GCA_000875775.1|GB_GCA_000746745.1	0.963179
GB_GCA_000875775.1|RS_GCF_000328945.1	0.969974
GB_GCA_000875775.1	1.000000
RS_GCF_000328945.1	1.000000
GB_GCA_000018465.1|GB_GCA_000746745.1	0.973879
GB_GCA_000018465.1	1.000000
GB_GCA_000746685.1|GB_GCA_000746745.1	0.989200
GB_GCA_000746685.1	1.000000
GB_GCA_000746745.1	1.000000
GB_GCA_001543015.1|U_75870	0.911763
GB_GCA_001543015.1|GB_GCA_001510275.1	0.925539
GB_GCA_001543015.1	1.000000
GB_GCA_000484975.1|GB_GCA_001510275.1	0.947055
GB_GCA_000484975.1	1.000000
GB_GCA_001510275.1	1.000000
GB_GCA_001541925.1|U_75870	0.918975
GB_GCA_001541925.1|U_71061	0.956231
GB_GCA_001541925.1	1.000000
GB_GCA_001510225.1|U_71061	0.966894
GB_GCA_001510225.1	1.000000
GB_GCA_001438895.1|U_71061	0.999279
GB_GCA_001438895.1	1.000000
GB_GCA_001437625.1|U_71061	0.999704
GB_GCA_001437625.1	1.000000
U_71061	1.000000
RS_GCF_000242875.2|U_75870	0.926611
RS_GCF_000242875.2|RS_GCF_000956175.1	0.935943
RS_GCF_000242875.2	1.000000
RS_GCF_000956175.1	1.000000
RS_GCF_000299395.1|U_75870	0.938841
RS_GCF_000299395.1	1.000000
U_75853|U_75870	0.999756
U_75853	1.000000
U_75870	1.000000
GB_GCA_001443365.1|GB_GCA_001627235.1	0.817248
GB_GCA_001443365.1|U_74480	0.834262
GB_GCA_001443365.1	1.000000
RS_GCF_000685395.1|U_74480	0.907125
RS_GCF_000685395.1	1.000000
RS_GCF_000723185.1|U_74480	0.923654
RS_GCF_000723185.1	1.000000
RS_GCF_000955905.1|U_74480	0.958027
RS_GCF_000955905.1	1.000000
U_70034|U_74480	0.998230
U_70034	1.000000
U_70035|U_74480	0.998480
U_70035	1.000000
U_74480	1.000000
GB_GCA_001627055.1|GB_GCA_001627235.1	0.851803
GB_GCA_001627055.1|GB_GCA_000484955.1	0.924211
GB_GCA_001627055.1	1.000000
GB_GCA_000746695.1|GB_GCA_000484955.1	0.934375
GB_GCA_000746695.1|GB_GCA_000746705.1	0.952841
GB_GCA_000746695.1	1.000000
GB_GCA_000746705.1	1.000000
GB_GCA_000399765.1|GB_GCA_000484955.1	0.961516
GB_GCA_000399765.1|GB_GCA_000402075.1	0.984922
GB_GCA_000399765.1	1.000000
GB_GCA_000402075.1	1.000000
GB_GCA_000484935.1|GB_GCA_000484955.1	0.979814
GB_GCA_000484935.1	1.000000
GB_GCA_000484895.1|GB_GCA_000484955.1	0.988112
GB_GCA_000484895.1	1.000000
GB_GCA_000484955.1	1.000000
GB_GCA_001510295.1|GB_GCA_001627235.1	0.970015
GB_GCA_001510295.1|RS_GCF_000812185.1	0.980547
GB_GCA_001510295.1	1.000000
RS_GCF_000812185.1	1.000000
GB_GCA_001627095.1|GB_GCA_001627235.1	0.996149
GB_GCA_001627095.1	1.000000
GB_GCA_001627015.1|GB_GCA_001627235.1	0.996845
GB_GCA_001627015.1|GB_GCA_001627105.1	0.997215
GB_GCA_001627015.1	1.000000
GB_GCA_001627105.1	1.000000
GB_GCA_001627075.1|GB_GCA_001627235.1	0.997302
GB_GCA_001627075.1	1.000000
GB_GCA_001627165.1|GB_GCA_001627235.1	0.997963
GB_GCA_001627165.1	1.000000
GB_GCA_001627235.1	1.000000
U_66737|RS_GCF_000148385.1	0.192110
U_66737|U_68229	0.930524
U_66737	1.000000
U_68229	1.000000
RS_GCF_000019605.1|RS_GCF_000148385.1	0.221046
RS_GCF_000019605.1|U_68549	0.303743
RS_GCF_000019605.1	1.000000
U_68549	1.000000
GB_GCA_000389735.1|RS_GCF_000148385.1	0.270817
GB_GCA_000389735.1|GB_GCA_000495735.1	0.375790
GB_GCA_000389735.1|RS_GCF_001266715.1	0.626506
GB_GCA_000389735.1	1.000000
RS_GCF_000011205.1|RS_GCF_001266715.1	0.690395
RS_GCF_000011205.1|RS_GCF_000508305.1	0.777475
RS_GCF_000011205.1	1.000000
RS_GCF_000012285.1|RS_GCF_000508305.1	0.991540
RS_GCF_000012285.1	1.000000
RS_GCF_000508305.1	1.000000
RS_GCF_001316045.1|RS_GCF_001266715.1	0.725836
RS_GCF_001316045.1|RS_GCF_000022485.1	0.768616
RS_GCF_001316045.1|U_68545	0.928651
RS_GCF_001316045.1	1.000000
RS_GCF_001316085.1|U_68545	0.972498
RS_GCF_001316085.1	1.000000
U_68545	1.000000
RS_GCF_000007005.1|RS_GCF_000022485.1	0.965604
RS_GCF_000007005.1|RS_GCF_000968395.1	0.998678
RS_GCF_000007005.1	1.000000
RS_GCF_000968395.1	1.000000
RS_GCF_000245275.1|RS_GCF_000022485.1	0.996724
RS_GCF_000245275.1	1.000000
RS_GCF_000022385.1|RS_GCF_000022485.1	0.998539
RS_GCF_000022385.1	1.000000
RS_GCF_000022485.1	1.000000
RS_GCF_000213215.1|RS_GCF_001266715.1	0.773708
RS_GCF_000213215.1|RS_GCF_000632495.1	0.828430
RS_GCF_000213215.1	1.000000
RS_GCF_000632495.1	1.000000
GB_GCA_000565255.1|RS_GCF_001266715.1	0.795653
GB_GCA_000565255.1	1.000000
RS_GCF_000243315.1|RS_GCF_001266715.1	0.876035
RS_GCF_000243315.1	1.000000
RS_GCF_000204925.1|RS_GCF_001266715.1	0.925328
RS_GCF_000204925.1	1.000000
GB_GCA_001315825.1|RS_GCF_001266715.1	0.944084
GB_GCA_001315825.1	1.000000
U_68542|RS_GCF_001266715.1	0.997934
U_68542	1.000000
RS_GCF_000016605.1|RS_GCF_001266715.1	0.999611
RS_GCF_000016605.1	1.000000
RS_GCF_001266715.1	1.000000
GB_GCA_001481685.1|GB_GCA_000495735.1	0.413675
GB_GCA_001481685.1|RS_GCF_000017945.1	0.780218
GB_GCA_001481685.1	1.000000
RS_GCF_000017945.1	1.000000
GB_GCA_000258425.1|GB_GCA_000495735.1	0.439375
GB_GCA_000258425.1|RS_GCF_000513855.1	0.476272
GB_GCA_000258425.1	1.000000
GB_GCA_000145985.1|RS_GCF_000513855.1	0.522622
GB_GCA_000145985.1	1.000000
RS_GCF_000015945.1|RS_GCF_000513855.1	0.700260
RS_GCF_000015945.1|RS_GCF_000092465.1	0.959862
RS_GCF_000015945.1	1.000000
RS_GCF_000092465.1	1.000000
RS_GCF_000264495.1|RS_GCF_000513855.1	0.753508
RS_GCF_000264495.1	1.000000
RS_GCF_000092185.1|RS_GCF_000513855.1	0.802124
RS_GCF_000092185.1	1.000000
U_68159|RS_GCF_000513855.1	0.834482
U_68159	1.000000
RS_GCF_000186365.1|RS_GCF_000513855.1	0.920720
RS_GCF_000186365.1|RS_GCF_001006085.1	0.999364
RS_GCF_000186365.1	1.000000
RS_GCF_001006085.1	1.000000
RS_GCF_000231015.2|RS_GCF_000513855.1	0.991908
RS_GCF_000231015.2	1.000000
RS_GCF_000020905.1|RS_GCF_000513855.1	0.998473
RS_GCF_000020905.1	1.000000
RS_GCF_000513855.1	1.000000
RS_GCF_000223395.1|GB_GCA_000495735.1	0.493444
RS_GCF_000223395.1|RS_GCF_001462395.1	0.654471
RS_GCF_000223395.1	1.000000
RS_GCF_000015145.1|RS_GCF_001462395.1	0.831469
RS_GCF_000015145.1	1.000000
RS_GCF_001412615.1|RS_GCF_001462395.1	0.906182
RS_GCF_001412615.1	1.000000
RS_GCF_001462395.1	1.000000
GB_GCA_000011125.1|GB_GCA_000495735.1	0.641130
GB_GCA_000011125.1|RS_GCF_001316065.1	0.957838
GB_GCA_000011125.1	1.000000
RS_GCF_001316065.1	1.000000
RS_GCF_000317795.1|GB_GCA_000495735.1	0.752496
RS_GCF_000317795.1|U_68534	0.970107
RS_GCF_000317795.1	1.000000
U_68534	1.000000
U_68539|GB_GCA_000495735.1	0.839237
U_68539	1.000000
RS_GCF_000144915.1|GB_GCA_000495735.1	0.868432
RS_GCF_000144915.1	1.000000
GB_GCA_000495695.1|GB_GCA_000495735.1	0.985369
GB_GCA_000495695.1	1.000000
GB_GCA_000495675.1|GB_GCA_000495735.1	0.991684
GB_GCA_000495675.1	1.000000
GB_GCA_000495715.1|GB_GCA_000495735.1	0.993928
GB_GCA_000495715.1	1.000000
GB_GCA_000495735.1	1.000000
GB_GCA_000372145.1|RS_GCF_000148385.1	0.309567
GB_GCA_000372145.1|GB_GCA_000402095.1	0.739355
GB_GCA_000372145.1|GB_GCA_000375685.1	0.995474
GB_GCA_000372145.1	1.000000
GB_GCA_000371945.1|GB_GCA_000375685.1	0.997153
GB_GCA_000371945.1	1.000000
GB_GCA_000375565.1|GB_GCA_000375685.1	0.998524
GB_GCA_000375565.1	1.000000
GB_GCA_000375685.1	1.000000
GB_GCA_000402895.1|GB_GCA_000402095.1	0.997577
GB_GCA_000402895.1	1.000000
GB_GCA_000399825.1|GB_GCA_000402095.1	0.998109
GB_GCA_000399825.1	1.000000
GB_GCA_000405885.1|GB_GCA_000402095.1	0.998566
GB_GCA_000405885.1	1.000000
GB_GCA_000380705.1|GB_GCA_000402095.1	0.998956
GB_GCA_000380705.1|GB_GCA_000494205.1	1.000000
GB_GCA_000380705.1	1.000000
GB_GCA_000494205.1	1.000000
GB_GCA_000398765.1|GB_GCA_000402095.1	0.999201
GB_GCA_000398765.1	1.000000
GB_GCA_000402095.1	1.000000
RS_GCF_000993805.1|RS_GCF_000148385.1	0.364404
RS_GCF_000993805.1|RS_GCF_000813245.1	0.738463
RS_GCF_000993805.1	1.000000
RS_GCF_000015225.1|RS_GCF_000813245.1	0.843138
RS_GCF_000015225.1	1.000000
RS_GCF_000446015.1|RS_GCF_000813245.1	0.998216
RS_GCF_000446015.1	1.000000
RS_GCF_000813245.1	1.000000
GB_GCA_000960885.1|RS_GCF_000148385.1	0.579578
GB_GCA_000960885.1|GB_GCA_001515835.1	0.758899
GB_GCA_000960885.1|GB_GCA_001516665.1	0.847123
GB_GCA_000960885.1	1.000000
RS_GCF_000253055.1|GB_GCA_001516665.1	0.890209
RS_GCF_000253055.1	1.000000
U_68533|GB_GCA_001516665.1	0.922601
U_68533	1.000000
RS_GCF_000193375.1|GB_GCA_001516665.1	0.955958
RS_GCF_000193375.1	1.000000
GB_GCA_001516655.1|GB_GCA_001516665.1	0.997183
GB_GCA_001516655.1	1.000000
GB_GCA_001516665.1	1.000000
GB_GCA_000015805.1|GB_GCA_001515835.1	0.874525
GB_GCA_000015805.1	1.000000
GB_GCA_000007225.1|GB_GCA_001515835.1	0.901837
GB_GCA_000007225.1|GB_GCA_000247545.1	0.919738
GB_GCA_000007225.1|GB_GCA_000234805.1	0.935870
GB_GCA_000007225.1	1.000000
GB_GCA_000234805.1	1.000000
GB_GCA_000016385.1|GB_GCA_000247545.1	0.993174
GB_GCA_000016385.1	1.000000
GB_GCA_000247545.1	1.000000
GB_GCA_000019805.1|GB_GCA_001515835.1	0.916350
GB_GCA_000019805.1|RS_GCF_000015205.1	0.939719
GB_GCA_000019805.1	1.000000
RS_GCF_000015205.1	1.000000
GB_GCA_001515825.1|GB_GCA_001515835.1	0.988016
GB_GCA_001515825.1	1.000000
GB_GCA_001189275.1|GB_GCA_001515835.1	0.994479
GB_GCA_001189275.1	1.000000
GB_GCA_001515835.1	1.000000
GB_GCA_001516585.1|RS_GCF_000148385.1	0.664239
GB_GCA_001516585.1|GB_GCA_001516725.1	0.733080
GB_GCA_001516585.1|U_68543	0.918078
GB_GCA_001516585.1	1.000000
GB_GCA_001315925.1|U_68543	0.976404
GB_GCA_001315925.1	1.000000
U_68543	1.000000
RS_GCF_000018305.1|GB_GCA_001516725.1	0.924957
RS_GCF_000018305.1|U_68537	0.975376
RS_GCF_000018305.1	1.000000
U_68537	1.000000
GB_GCA_001515815.1|GB_GCA_001516725.1	0.994511
GB_GCA_001515815.1	1.000000
GB_GCA_001515805.1|GB_GCA_001516725.1	0.997339
GB_GCA_001515805.1	1.000000
GB_GCA_001516725.1	1.000000
GB_GCA_001515905.1|RS_GCF_000148385.1	0.880817
GB_GCA_001515905.1|GB_GCA_001516765.1	0.981832
GB_GCA_001515905.1	1.000000
GB_GCA_001516745.1|GB_GCA_001516765.1	0.987299
GB_GCA_001516745.1	1.000000
GB_GCA_001516705.1|GB_GCA_001516765.1	0.989188
GB_GCA_001516705.1	1.000000
GB_GCA_001516765.1	1.000000
RS_GCF_001316025.1|RS_GCF_000148385.1	0.916585
RS_GCF_001316025.1|U_68540	0.963511
RS_GCF_001316025.1	1.000000
U_68540	1.000000
RS_GCF_000190315.1|RS_GCF_000148385.1	0.934175
RS_GCF_000190315.1	1.000000
GB_GCA_001315985.1|RS_GCF_000148385.1	0.950386
GB_GCA_001315985.1|RS_GCF_001316265.1	0.988099
GB_GCA_001315985.1	1.000000
RS_GCF_001316265.1	1.000000
GB_GCA_001316005.1|RS_GCF_000148385.1	0.958607
GB_GCA_001316005.1|RS_GCF_001316285.1	0.964225
GB_GCA_001316005.1	1.000000
RS_GCF_001316285.1	1.000000
RS_GCF_001316245.1|RS_GCF_000148385.1	0.963048
RS_GCF_001316245.1|U_68535	0.971200
RS_GCF_001316245.1	1.000000
U_68535	1.000000
GB_GCA_001316125.1|RS_GCF_000148385.1	0.980726
GB_GCA_001316125.1	1.000000
GB_GCA_001316145.1|RS_GCF_000148385.1	0.988893
GB_GCA_001316145.1	1.000000
RS_GCF_000148385.1	1.000000
GB_GCA_001515215.1|RS_GCF_000337335.1	0.070882
GB_GCA_001515215.1|U_69859	0.110834
GB_GCA_001515215.1|GB_GCA_001548995.1	0.430835
GB_GCA_001515215.1|GB_GCA_001515205.2	0.599995
GB_GCA_001515215.1	1.000000
GB_GCA_001515185.1|GB_GCA_001515205.2	0.698453
GB_GCA_001515185.1	1.000000
GB_GCA_001515205.2	1.000000
GB_GCA_001549215.1|GB_GCA_001548995.1	0.627230
GB_GCA_001549215.1|GB_GCA_001549225.1	0.712220
GB_GCA_001549215.1	1.000000
GB_GCA_001549195.1|GB_GCA_001549225.1	0.982514
GB_GCA_001549195.1	1.000000
GB_GCA_001549415.1|GB_GCA_001549225.1	0.994817
GB_GCA_001549415.1	1.000000
GB_GCA_001549125.1|GB_GCA_001549225.1	0.995638
GB_GCA_001549125.1	1.000000
GB_GCA_001549225.1	1.000000
GB_GCA_001548885.1|GB_GCA_001548995.1	0.774763
GB_GCA_001548885.1|GB_GCA_001549095.1	0.902397
GB_GCA_001548885.1	1.000000
GB_GCA_001548935.1|GB_GCA_001549095.1	0.981413
GB_GCA_001548935.1	1.000000
GB_GCA_001549095.1	1.000000
GB_GCA_001549285.1|GB_GCA_001548995.1	0.807997
GB_GCA_001549285.1	1.000000
GB_GCA_001548915.1|GB_GCA_001548995.1	0.982639
GB_GCA_001548915.1	1.000000
GB_GCA_001548995.1	1.000000
GB_GCA_001587675.1|U_69859	0.153920
GB_GCA_001587675.1|RS_GCF_000151205.2	0.289390
GB_GCA_001587675.1|GB_GCA_001587635.1	0.880693
GB_GCA_001587675.1	1.000000
GB_GCA_001587715.1|GB_GCA_001587635.1	0.926336
GB_GCA_001587715.1	1.000000
GB_GCA_001587695.1|GB_GCA_001587635.1	0.939350
GB_GCA_001587695.1	1.000000
GB_GCA_001587595.1|GB_GCA_001587635.1	0.999162
GB_GCA_001587595.1	1.000000
GB_GCA_001587605.1|GB_GCA_001587635.1	0.999581
GB_GCA_001587605.1	1.000000
GB_GCA_001587635.1	1.000000
RS_GCF_000215995.1|RS_GCF_000151205.2	0.743753
RS_GCF_000215995.1|RS_GCF_000195935.2	0.805531
RS_GCF_000215995.1	1.000000
RS_GCF_000007305.1|RS_GCF_000195935.2	0.871027
RS_GCF_000007305.1|RS_GCF_000275605.1	0.998704
RS_GCF_000007305.1	1.000000
RS_GCF_000275605.1	1.000000
GB_GCA_001577775.1|RS_GCF_000195935.2	0.888796
GB_GCA_001577775.1|RS_GCF_000263735.1	0.921072
GB_GCA_001577775.1	1.000000
RS_GCF_000263735.1	1.000000
RS_GCF_000211475.1|RS_GCF_000195935.2	0.923763
RS_GCF_000211475.1	1.000000
RS_GCF_000011105.1|RS_GCF_000195935.2	0.941111
RS_GCF_000011105.1	1.000000
RS_GCF_000195935.2	1.000000
RS_GCF_000725425.1|RS_GCF_000151205.2	0.788350
RS_GCF_000725425.1|RS_GCF_001484685.1	0.822196
RS_GCF_000725425.1|RS_GCF_000966265.1	0.887168
RS_GCF_000725425.1	1.000000
RS_GCF_000966265.1	1.000000
RS_GCF_000517445.1|RS_GCF_001484685.1	0.852151
RS_GCF_000517445.1|RS_GCF_001433455.1	0.954118
RS_GCF_000517445.1	1.000000
RS_GCF_000151105.2|RS_GCF_001433455.1	0.993496
RS_GCF_000151105.2	1.000000
RS_GCF_001433455.1	1.000000
RS_GCF_001317345.1|RS_GCF_001484685.1	0.921917
RS_GCF_001317345.1|RS_GCF_000022545.1	0.949275
RS_GCF_001317345.1	1.000000
GB_GCA_001508065.1|RS_GCF_000022545.1	0.994191
GB_GCA_001508065.1	1.000000
RS_GCF_000022545.1	1.000000
GB_GCA_001507935.1|RS_GCF_001484685.1	0.955661
GB_GCA_001507935.1|RS_GCF_000430485.1	0.985451
GB_GCA_001507935.1	1.000000
RS_GCF_000430485.1	1.000000
RS_GCF_000246985.2|RS_GCF_001484685.1	0.972959
RS_GCF_000246985.2	1.000000
RS_GCF_001484685.1	1.000000
RS_GCF_000018365.1|RS_GCF_000151205.2	0.866681
RS_GCF_000018365.1|RS_GCF_001484195.1	0.894654
RS_GCF_000018365.1	1.000000
RS_GCF_000265525.1|RS_GCF_001484195.1	0.915451
RS_GCF_000265525.1	1.000000
GB_GCA_001315845.1|RS_GCF_001484195.1	0.928965
GB_GCA_001315845.1|RS_GCF_001418715.1	0.940920
GB_GCA_001315845.1	1.000000
RS_GCF_001418715.1	1.000000
RS_GCF_000221185.1|RS_GCF_001484195.1	0.977873
RS_GCF_000221185.1	1.000000
RS_GCF_001484195.1	1.000000
RS_GCF_000258515.1|RS_GCF_000151205.2	0.890428
RS_GCF_000258515.1|RS_GCF_000009965.1	0.909244
RS_GCF_000258515.1	1.000000
GB_GCA_001315905.1|RS_GCF_000009965.1	0.970763
GB_GCA_001315905.1|RS_GCF_001592435.1	0.994904
GB_GCA_001315905.1	1.000000
RS_GCF_001592435.1	1.000000
GB_GCA_001316165.1|RS_GCF_000009965.1	0.988868
GB_GCA_001316165.1	1.000000
RS_GCF_000009965.1	1.000000
RS_GCF_000585495.1|RS_GCF_000151205.2	0.923207
RS_GCF_000585495.1|RS_GCF_000769655.1	0.947586
RS_GCF_000585495.1	1.000000
RS_GCF_000769655.1	1.000000
RS_GCF_000816105.1|RS_GCF_000151205.2	0.949261
RS_GCF_000816105.1	1.000000
RS_GCF_000022365.1|RS_GCF_000151205.2	0.973293
RS_GCF_000022365.1	1.000000
RS_GCF_000151205.2	1.000000
GB_GCA_000007185.1|U_69859	0.194674
GB_GCA_000007185.1	1.000000
RS_GCF_000092305.1|U_69859	0.243084
RS_GCF_000092305.1|RS_GCF_000018485.1	0.632387
RS_GCF_000092305.1|RS_GCF_000025525.1	0.778483
RS_GCF_000092305.1|RS_GCF_000371805.1	0.839269
RS_GCF_000092305.1	1.000000
RS_GCF_000363885.1|RS_GCF_000371805.1	0.999203
RS_GCF_000363885.1	1.000000
RS_GCF_000371805.1	1.000000
RS_GCF_000024625.1|RS_GCF_000025525.1	0.873360
RS_GCF_000024625.1	1.000000
RS_GCF_000023985.1|RS_GCF_000025525.1	0.920606
RS_GCF_000023985.1	1.000000
RS_GCF_000739065.1|RS_GCF_000025525.1	0.942953
RS_GCF_000739065.1	1.000000
GB_GCA_000091665.1|RS_GCF_000025525.1	0.957617
GB_GCA_000091665.1	1.000000
RS_GCF_000025525.1	1.000000
RS_GCF_000214415.1|RS_GCF_000018485.1	0.695206
RS_GCF_000214415.1|RS_GCF_000243455.1	0.894896
RS_GCF_000214415.1	1.000000
RS_GCF_000243455.1	1.000000
RS_GCF_000017185.1|RS_GCF_000018485.1	0.781109
RS_GCF_000017185.1|RS_GCF_000179575.2	0.854957
RS_GCF_000017185.1	1.000000
RS_GCF_000179575.2	1.000000
RS_GCF_000376965.1|RS_GCF_000018485.1	0.804691
RS_GCF_000376965.1	1.000000
RS_GCF_000006175.1|RS_GCF_000018485.1	0.867620
RS_GCF_000006175.1	1.000000
RS_GCF_000017165.1|RS_GCF_000018485.1	0.925819
RS_GCF_000017165.1	1.000000
RS_GCF_000011585.1|RS_GCF_000018485.1	0.977264
RS_GCF_000011585.1|RS_GCF_000220645.1	0.995194
RS_GCF_000011585.1	1.000000
RS_GCF_000220645.1	1.000000
RS_GCF_000016125.1|RS_GCF_000018485.1	0.985042
RS_GCF_000016125.1	1.000000
RS_GCF_000017225.1|RS_GCF_000018485.1	0.989623
RS_GCF_000017225.1	1.000000
RS_GCF_000018485.1	1.000000
RS_GCF_000166095.1|U_69859	0.445945
RS_GCF_000166095.1	1.000000
GB_GCA_001507955.1|U_69859	0.529045
GB_GCA_001507955.1	1.000000
RS_GCF_000145295.1|U_69859	0.571166
RS_GCF_000145295.1|RS_GCF_000828575.1	0.899194
RS_GCF_000145295.1	1.000000
RS_GCF_000008645.1|RS_GCF_000828575.1	0.968477
RS_GCF_000008645.1	1.000000
RS_GCF_000828575.1	1.000000
U_77251|U_69859	0.627019
U_77251|U_74362	0.658544
U_77251|U_77249	0.757572
U_77251	1.000000
U_73332|U_77249	0.807515
U_73332	1.000000
U_77249	1.000000
U_67533|U_74362	0.708542
U_67533	1.000000
U_66124|U_74362	0.746316
U_66124|RS_GCF_000746075.1	0.851806
U_66124|U_68731	0.919452
U_66124	1.000000
U_68731	1.000000
U_65586|RS_GCF_000746075.1	0.968302
U_65586	1.000000
RS_GCF_000745485.1|RS_GCF_000746075.1	0.998877
RS_GCF_000745485.1	1.000000
RS_GCF_000746075.1	1.000000
RS_GCF_000191585.1|U_74362	0.782532
RS_GCF_000191585.1|U_73616	0.825730
RS_GCF_000191585.1|RS_GCF_000744455.1	0.905228
RS_GCF_000191585.1	1.000000
RS_GCF_000744455.1	1.000000
U_72807|U_73616	0.866903
U_72807	1.000000
RS_GCF_000214725.1|U_73616	0.911238
RS_GCF_000214725.1	1.000000
U_73616	1.000000
U_73793|U_74362	0.809880
U_73793|U_73515	0.933696
U_73793	1.000000
U_72465|U_73515	0.978386
U_72465	1.000000
U_73515	1.000000
U_73380|U_74362	0.910214
U_73380	1.000000
RS_GCF_000499765.1|U_74362	0.942428
RS_GCF_000499765.1|RS_GCF_000762265.1	0.976684
RS_GCF_000499765.1	1.000000
U_66722|RS_GCF_000762265.1	0.995390
U_66722	1.000000
GB_GCA_001316325.1|RS_GCF_000762265.1	0.996842
GB_GCA_001316325.1	1.000000
RS_GCF_000762265.1	1.000000
GB_GCA_000309865.1|U_74362	0.956790
GB_GCA_000309865.1|RS_GCF_000302455.1	0.972799
GB_GCA_000309865.1	1.000000
RS_GCF_000302455.1	1.000000
U_75031|U_74362	0.993935
U_75031	1.000000
U_72497|U_74362	0.998617
U_72497	1.000000
U_74362	1.000000
RS_GCF_000012545.1|U_69859	0.669129
RS_GCF_000012545.1|U_76302	0.924911
RS_GCF_000012545.1|U_71658	0.947512
RS_GCF_000012545.1	1.000000
U_71658	1.000000
U_70683|U_76302	0.997728
U_70683	1.000000
U_76302	1.000000
GB_GCA_001639265.1|U_69859	0.752688
GB_GCA_001639265.1|RS_GCF_001315885.1	0.795230
GB_GCA_001639265.1|GB_GCA_001639295.1	0.839877
GB_GCA_001639265.1	1.000000
GB_GCA_001639295.1	1.000000
GB_GCA_001639285.1|RS_GCF_001315885.1	0.849588
GB_GCA_001639285.1	1.000000
GB_GCA_001316345.1|RS_GCF_001315885.1	0.983196
GB_GCA_001316345.1	1.000000
RS_GCF_000513315.1|RS_GCF_001315885.1	0.994381
RS_GCF_000513315.1	1.000000
RS_GCF_001315885.1	1.000000
U_73759|U_69859	0.801608
U_73759|U_69160	0.826275
U_73759	1.000000
U_69106|U_69160	0.904868
U_69106|U_69190	0.996527
U_69106	1.000000
U_69190	1.000000
RS_GCF_000024185.1|U_69160	0.947291
RS_GCF_000024185.1	1.000000
GB_GCA_001563245.1|U_69160	0.966073
GB_GCA_001563245.1	1.000000
U_69160	1.000000
RS_GCF_000621965.1|U_69859	0.820906
RS_GCF_000621965.1|RS_GCF_000404165.1	0.924189
RS_GCF_000621965.1	1.000000
RS_GCF_000320505.1|RS_GCF_000404165.1	0.997993
RS_GCF_000320505.1	1.000000
RS_GCF_000404165.1	1.000000
U_77206|U_69859	0.889872
U_77206	1.000000
RS_GCF_000189935.1|U_69859	0.912547
RS_GCF_000189935.1|RS_GCF_000151225.1	0.989569
RS_GCF_000189935.1	1.000000
RS_GCF_000016525.1|RS_GCF_000151225.1	0.999107
RS_GCF_000016525.1	1.000000
RS_GCF_000151225.1	1.000000
RS_GCF_000529525.1|U_69859	0.933775
RS_GCF_000529525.1	1.000000
RS_GCF_001477655.1|U_69859	0.949126
RS_GCF_001477655.1	1.000000
U_69128|U_69859	0.969882
U_69128	1.000000
GB_GCA_001548675.1|U_69859	0.976261
GB_GCA_001548675.1	1.000000
U_69859	1.000000
U_69039|RS_GCF_000337335.1	0.124399
U_69039|U_74618	0.186727
U_69039|U_72513	0.316920
U_69039	1.000000
U_72513	1.000000
U_66352|U_74618	0.219350
U_66352|U_66766	0.263904
U_66352|RS_GCF_001316225.1	0.301582
U_66352|U_68871	0.925152
U_66352	1.000000
U_68871	1.000000
RS_GCF_000025665.1|RS_GCF_001316225.1	0.376064
RS_GCF_000025665.1|RS_GCF_000327505.1	0.836539
RS_GCF_000025665.1	1.000000
RS_GCF_000327505.1	1.000000
GB_GCA_000375985.1|RS_GCF_001316225.1	0.451457
GB_GCA_000375985.1	1.000000
GB_GCA_000496135.1|RS_GCF_001316225.1	0.640610
GB_GCA_000496135.1|U_77057	0.733487
GB_GCA_000496135.1	1.000000
U_77057	1.000000
U_77071|RS_GCF_001316225.1	0.664597
U_77071	1.000000
GB_GCA_000965745.1|RS_GCF_001316225.1	0.690892
GB_GCA_000965745.1|U_77053	0.726228
GB_GCA_000965745.1	1.000000
GB_GCA_001316105.1|U_77053	0.754425
GB_GCA_001316105.1	1.000000
U_77869|U_77053	0.814602
U_77869	1.000000
U_75759|U_77053	0.991392
U_75759	1.000000
GB_GCA_000447225.1|U_77053	0.997917
GB_GCA_000447225.1	1.000000
U_77053	1.000000
RS_GCF_000011185.1|RS_GCF_001316225.1	0.719222
RS_GCF_000011185.1|RS_GCF_000195915.1	0.894910
RS_GCF_000011185.1	1.000000
RS_GCF_000195915.1	1.000000
RS_GCF_000008265.1|RS_GCF_001316225.1	0.821809
RS_GCF_000008265.1	1.000000
RS_GCF_000152265.2|RS_GCF_001316225.1	0.875516
RS_GCF_000152265.2|U_77047	0.965187
RS_GCF_000152265.2	1.000000
U_77047	1.000000
RS_GCF_000949015.1|RS_GCF_001316225.1	0.995522
RS_GCF_000949015.1	1.000000
RS_GCF_001316225.1	1.000000
GB_GCA_001595885.1|U_66766	0.344202
GB_GCA_001595885.1|U_72466	0.648419
GB_GCA_001595885.1	1.000000
U_68118|U_72466	0.879903
U_68118	1.000000
U_68143|U_72466	0.998272
U_68143	1.000000
U_72466	1.000000
U_71163|U_66766	0.507792
U_71163|U_73599	0.592358
U_71163|U_74845	0.969920
U_71163	1.000000
U_74845	1.000000
RS_GCF_000404225.1|U_73599	0.722812
RS_GCF_000404225.1	1.000000
RS_GCF_000308215.1|U_73599	0.784161
RS_GCF_000308215.1|U_65566	0.836630
RS_GCF_000308215.1	1.000000
U_65566	1.000000
U_73424|U_73599	0.919415
U_73424|U_73632	0.992164
U_73424	1.000000
U_73632	1.000000
GB_GCA_001512965.1|U_73599	0.940652
GB_GCA_001512965.1	1.000000
GB_GCA_001421185.1|U_73599	0.965250
GB_GCA_001421185.1	1.000000
U_73599	1.000000
U_73534|U_66766	0.692118
U_73534|U_73805	0.955491
U_73534	1.000000
U_73457|U_73805	0.972966
U_73457	1.000000
GB_GCA_001421175.1|U_73805	0.990355
GB_GCA_001421175.1	1.000000
U_66723|U_73805	0.996039
U_66723	1.000000
U_73717|U_73805	0.997576
U_73717	1.000000
U_73805	1.000000
U_73709|U_66766	0.751079
U_73709|U_73837	0.862890
U_73709	1.000000
U_66698|U_73837	0.968343
U_66698|U_73481	0.981102
U_66698	1.000000
U_73481	1.000000
U_73393|U_73837	0.982834
U_73393	1.000000
U_72828|U_73837	0.990560
U_72828	1.000000
U_73769|U_73837	0.995225
U_73769	1.000000
U_73687|U_73837	0.996140
U_73687	1.000000
U_72571|U_73837	0.997670
U_72571	1.000000
U_73837	1.000000
GB_GCA_001563305.1|U_66766	0.778978
GB_GCA_001563305.1|U_75312	0.841816
GB_GCA_001563305.1|U_67327	0.921647
GB_GCA_001563305.1	1.000000
U_67327	1.000000
U_66693|U_75312	0.874173
U_66693	1.000000
U_76108|U_75312	0.939660
U_76108	1.000000
U_75293|U_75312	0.996059
U_75293	1.000000
U_75312	1.000000
RS_GCF_000800805.1|U_66766	0.800725
RS_GCF_000800805.1|U_72730	0.833725
RS_GCF_000800805.1	1.000000
U_72730	1.000000
U_77424|U_66766	0.876058
U_77424	1.000000
GB_GCA_001560915.1|U_66766	0.901920
GB_GCA_001560915.1|RS_GCF_000350305.1	0.915537
GB_GCA_001560915.1	1.000000
RS_GCF_000350305.1	1.000000
RS_GCF_001481295.1|U_66766	0.927080
RS_GCF_001481295.1	1.000000
RS_GCF_000300255.2|U_66766	0.962415
RS_GCF_000300255.2	1.000000
U_66766	1.000000
U_69434|U_74618	0.245237
U_69434|U_77194	0.443552
U_69434	1.000000
GB_GCA_000349645.1|U_77194	0.631310
GB_GCA_000349645.1	1.000000
GB_GCA_001595865.1|U_77194	0.692744
GB_GCA_001595865.1|GB_GCA_001595915.1	0.899755
GB_GCA_001595865.1	1.000000
GB_GCA_001595915.1	1.000000
GB_GCA_000349685.1|U_77194	0.753728
GB_GCA_000349685.1	1.000000
GB_GCA_001595945.1|U_77194	0.893302
GB_GCA_001595945.1	1.000000
U_65884|U_77194	0.951163
U_65884	1.000000
U_66601|U_77194	0.998592
U_66601	1.000000
U_69749|U_77194	0.999120
U_69749	1.000000
U_73099|U_77194	0.999560
U_73099	1.000000
U_77194	1.000000
U_67219|U_74618	0.322334
U_67219|U_75514	0.622344
U_67219	1.000000
U_68066|U_75514	0.716328
U_68066|U_75508	0.999369
U_68066	1.000000
U_75508	1.000000
U_68595|U_75514	0.861817
U_68595	1.000000
U_68032|U_75514	0.993337
U_68032|U_74135	0.998535
U_68032	1.000000
U_74135	1.000000
U_68058|U_75514	0.999511
U_68058	1.000000
U_75514	1.000000
U_66934|U_74618	0.622480
U_66934|U_77648	0.657964
U_66934|U_77924	0.898419
U_66934|U_77623	0.953079
U_66934	1.000000
U_65705|U_77623	0.971250
U_65705	1.000000
U_77623	1.000000
U_66643|U_77924	0.999058
U_66643	1.000000
U_76773|U_77924	0.999525
U_76773	1.000000
U_77924	1.000000
U_66331|U_77648	0.699374
U_66331|U_70281	0.748902
U_66331	1.000000
U_70281	1.000000
U_74141|U_77648	0.761437
U_74141|U_68805	0.857089
U_74141	1.000000
U_66109|U_68805	0.900218
U_66109|U_67678	0.947624
U_66109	1.000000
U_66258|U_67678	0.995655
U_66258	1.000000
U_67678	1.000000
U_76739|U_68805	0.938122
U_76739	1.000000
U_65614|U_68805	0.960256
U_65614|U_76727	0.999138
U_65614	1.000000
U_76727	1.000000
U_66932|U_68805	0.990563
U_66932	1.000000
U_67237|U_68805	0.999027
U_67237	1.000000
U_68805	1.000000
U_65628|U_77648	0.796167
U_65628|U_76729	0.824032
U_65628	1.000000
U_75537|U_76729	0.968305
U_75537|U_77019	0.992260
U_75537	1.000000
U_77019	1.000000
U_66903|U_76729	0.984582
U_66903|U_67167	0.999013
U_66903	1.000000
U_67167	1.000000
U_75479|U_76729	0.999170
U_75479	1.000000
U_65617|U_76729	0.999585
U_65617	1.000000
U_76729	1.000000
U_66899|U_77648	0.816045
U_66899|U_74528	0.918124
U_66899	1.000000
U_66537|U_74528	0.953504
U_66537|U_77903	0.992857
U_66537	1.000000
U_77903	1.000000
U_67244|U_74528	0.966566
U_67244|U_67701	0.992016
U_67244	1.000000
U_67701	1.000000
U_74143|U_74528	0.999032
U_74143	1.000000
U_68808|U_74528	0.999365
U_68808	1.000000
U_74528	1.000000
U_69907|U_77648	0.841683
U_69907|U_77668	0.902166
U_69907|U_71921	0.951219
U_69907	1.000000
U_66035|U_71921	0.998322
U_66035	1.000000
U_71921	1.000000
U_71923|U_77668	0.921598
U_71923	1.000000
U_76738|U_77668	0.954165
U_76738	1.000000
U_65615|U_77668	0.963012
U_65615|U_76728	0.999268
U_65615	1.000000
U_75482|U_76728	0.999636
U_75482	1.000000
U_76728	1.000000
U_77021|U_77668	0.980675
U_77021	1.000000
U_74142|U_77668	0.997891
U_74142	1.000000
U_67693|U_77668	0.998742
U_67693|U_77689	0.999148
U_67693	1.000000
U_77689	1.000000
U_71364|U_77668	0.999545
U_71364	1.000000
U_77668	1.000000
U_71063|U_77648	0.862402
U_71063|U_77025	0.874884
U_71063	1.000000
GB_GCA_000246735.1|U_77025	0.903767
GB_GCA_000246735.1|U_73977	0.949893
GB_GCA_000246735.1	1.000000
U_71930|U_73977	0.964758
U_71930	1.000000
U_73977	1.000000
U_66941|U_77025	0.929971
U_66941	1.000000
U_66950|U_77025	0.952588
U_66950	1.000000
U_71934|U_77025	0.963198
U_71934	1.000000
U_77025	1.000000
U_77023|U_77648	0.898328
U_77023|U_65914	0.937707
U_77023	1.000000
U_67697|U_65914	0.965635
U_67697	1.000000
U_77936|U_65914	0.995010
U_77936	1.000000
U_67739|U_65914	0.995739
U_67739	1.000000
U_65706|U_65914	0.997555
U_65706	1.000000
U_65914	1.000000
U_66947|U_77648	0.933813
U_66947	1.000000
U_65618|U_77648	0.953599
U_65618|U_76730	0.999259
U_65618	1.000000
U_76730	1.000000
U_67253|U_77648	0.960934
U_67253|U_70304	0.968315
U_67253	1.000000
U_70304	1.000000
U_67730|U_77648	0.996763
U_67730	1.000000
U_65782|U_77648	0.999354
U_65782	1.000000
U_77648	1.000000
U_66326|U_74618	0.659909
U_66326|U_77659	0.716426
U_66326|U_69293	0.830478
U_66326	1.000000
U_69293	1.000000
U_75633|U_77659	0.935730
U_75633	1.000000
U_70152|U_77659	0.981080
U_70152	1.000000
U_75929|U_77659	0.995174
U_75929	1.000000
U_65837|U_77659	0.999433
U_65837	1.000000
U_77659	1.000000
U_70162|U_74618	0.705512
U_70162|U_71332	0.858266
U_70162|U_67702	0.921463
U_70162	1.000000
U_66092|U_67702	0.951974
U_66092	1.000000
U_66910|U_67702	0.975483
U_66910	1.000000
U_67702	1.000000
U_75543|U_71332	0.959479
U_75543	1.000000
U_77162|U_71332	0.980833
U_77162	1.000000
U_66094|U_71332	0.989601
U_66094	1.000000
U_71332	1.000000
U_66236|U_74618	0.764005
U_66236|U_69271	0.894012
U_66236|U_71330	0.968482
U_66236	1.000000
U_68603|U_71330	0.980324
U_68603	1.000000
U_71330	1.000000
U_68843|U_69271	0.920775
U_68843|U_75484	0.981776
U_68843	1.000000
U_77018|U_75484	0.989714
U_77018	1.000000
U_67132|U_75484	0.993495
U_67132	1.000000
U_65620|U_75484	0.999694
U_65620	1.000000
U_75484	1.000000
U_77638|U_69271	0.997864
U_77638	1.000000
U_66644|U_69271	0.998194
U_66644|U_76771	0.998874
U_66644	1.000000
U_76771	1.000000
U_77660|U_69271	0.998586
U_77660	1.000000
U_77917|U_69271	0.998848
U_77917	1.000000
U_75935|U_69271	0.999071
U_75935	1.000000
U_65780|U_69271	0.999258
U_65780	1.000000
U_66230|U_69271	0.999408
U_66230	1.000000
U_67721|U_69271	0.999797
U_67721	1.000000
U_69271	1.000000
U_66319|U_74618	0.800255
U_66319|U_65835	0.861271
U_66319	1.000000
U_71353|U_65835	0.884937
U_71353|U_69304	0.998929
U_71353	1.000000
U_75628|U_69304	0.999332
U_75628	1.000000
U_65801|U_69304	0.999663
U_65801	1.000000
U_69304	1.000000
U_65906|U_65835	0.915726
U_65906|U_68724	0.980558
U_65906	1.000000
U_65861|U_68724	0.998822
U_65861	1.000000
U_67233|U_68724	0.999408
U_67233	1.000000
U_68724	1.000000
U_67236|U_65835	0.954794
U_67236	1.000000
U_65865|U_65835	0.971923
U_65865|U_69281	0.986347
U_65865	1.000000
U_67238|U_69281	0.994665
U_67238	1.000000
U_67720|U_69281	0.996460
U_67720	1.000000
U_69281	1.000000
U_66073|U_65835	0.985569
U_66073|U_67234	0.999608
U_66073	1.000000
U_67234	1.000000
GB_GCA_001628435.1|U_65835	0.990792
GB_GCA_001628435.1	1.000000
U_66222|U_65835	0.996994
U_66222|U_75925	0.999061
U_66222	1.000000
U_75925	1.000000
U_76752|U_65835	0.998192
U_76752	1.000000
U_77657|U_65835	0.998645
U_77657	1.000000
U_66627|U_65835	0.999044
U_66627|U_77630	0.999526
U_66627	1.000000
U_77630	1.000000
U_75481|U_65835	0.999403
U_75481	1.000000
U_65779|U_65835	0.999701
U_65779	1.000000
U_65835	1.000000
U_67149|U_74618	0.819589
U_67149|U_77699	0.861769
U_67149	1.000000
U_71938|U_77699	0.930395
U_71938|U_76974	0.999392
U_71938	1.000000
U_76974	1.000000
U_65611|U_77699	0.957963
U_65611|U_70284	0.999549
U_65611	1.000000
U_70284	1.000000
U_66942|U_77699	0.968518
U_66942|U_71928	0.981430
U_66942	1.000000
U_65863|U_71928	0.998034
U_65863	1.000000
U_71928	1.000000
U_74120|U_77699	0.974567
U_74120	1.000000
U_77669|U_77699	0.999032
U_77669	1.000000
U_77675|U_77699	0.999330
U_77675	1.000000
U_75616|U_77699	0.999581
U_75616	1.000000
U_70229|U_77699	0.999791
U_70229	1.000000
U_77699	1.000000
U_67785|U_74618	0.836007
U_67785|U_70279	0.889310
U_67785|U_68618	0.933135
U_67785|U_75882	0.994117
U_67785	1.000000
U_75882	1.000000
U_67774|U_68618	0.998752
U_67774	1.000000
U_66304|U_68618	0.999382
U_66304	1.000000
U_68618	1.000000
U_66271|U_70279	0.907131
U_66271|U_77950	0.968263
U_66271	1.000000
U_77950	1.000000
U_68723|U_70279	0.957974
U_68723	1.000000
U_67218|U_70279	0.965694
U_67218|U_76708	0.992472
U_67218	1.000000
U_76229|U_76708	0.999468
U_76229	1.000000
U_76708	1.000000
U_69301|U_70279	0.985396
U_69301|U_75623	0.999249
U_69301	1.000000
U_66933|U_75623	0.999517
U_66933	1.000000
U_65799|U_75623	0.999734
U_65799	1.000000
U_75623	1.000000
U_69306|U_70279	0.995274
U_69306	1.000000
U_68806|U_70279	0.998428
U_68806	1.000000
U_67242|U_70279	0.998861
U_67242	1.000000
U_70150|U_70279	0.999314
U_70150	1.000000
U_69280|U_70279	0.999763
U_69280	1.000000
U_70279	1.000000
U_67755|U_74618	0.846966
U_67755|GB_GCA_001629295.1	0.861104
U_67755|U_76979	0.999654
U_67755	1.000000
U_76979	1.000000
GB_GCA_001629205.1|GB_GCA_001629295.1	0.891894
GB_GCA_001629205.1|U_65938	0.977735
GB_GCA_001629205.1	1.000000
U_65938	1.000000
U_69541|GB_GCA_001629295.1	0.904745
U_69541|U_77941	0.999581
U_69541	1.000000
U_77941	1.000000
GB_GCA_001629165.1|GB_GCA_001629295.1	0.923593
GB_GCA_001629165.1|U_69288	0.998131
GB_GCA_001629165.1	1.000000
GB_GCA_001628475.1|U_69288	0.998794
GB_GCA_001628475.1	1.000000
U_69288	1.000000
U_74603|GB_GCA_001629295.1	0.943546
U_74603|U_74615	0.999743
U_74603	1.000000
U_74615	1.000000
GB_GCA_001628455.1|GB_GCA_001629295.1	0.991301
GB_GCA_001628455.1|GB_GCA_001629245.1	0.994156
GB_GCA_001628455.1|GB_GCA_001628485.1	0.998937
GB_GCA_001628455.1	1.000000
GB_GCA_001628485.1	1.000000
GB_GCA_001629235.1|GB_GCA_001629245.1	0.997813
GB_GCA_001629235.1	1.000000
GB_GCA_001629245.1	1.000000
U_67265|GB_GCA_001629295.1	0.996043
U_67265	1.000000
GB_GCA_001629255.1|GB_GCA_001629295.1	0.999387
GB_GCA_001629255.1	1.000000
GB_GCA_001629155.1|GB_GCA_001629295.1	0.999625
GB_GCA_001629155.1	1.000000
GB_GCA_001629295.1	1.000000
U_65529|U_74618	0.900360
U_65529|U_68836	0.941808
U_65529	1.000000
U_74118|U_68836	0.960705
U_74118	1.000000
U_71328|U_68836	0.979846
U_71328	1.000000
U_65521|U_68836	0.995895
U_65521	1.000000
U_77620|U_68836	0.997888
U_77620|U_69911	0.998573
U_77620	1.000000
U_75649|U_69911	0.999112
U_75649	1.000000
U_65813|U_69911	0.999554
U_65813	1.000000
U_69911	1.000000
U_68721|U_68836	0.998165
U_68721	1.000000
U_76969|U_68836	0.998385
U_76969	1.000000
U_67731|U_68836	0.998535
U_67731	1.000000
U_68836	1.000000
U_77020|U_74618	0.943865
U_77020|U_77658	0.965055
U_77020	1.000000
U_69291|U_77658	0.989916
U_69291|U_68044	0.999344
U_69291	1.000000
U_67737|U_68044	0.999675
U_67737	1.000000
U_68044	1.000000
U_65778|U_77658	0.998743
U_65778|U_66221	0.999116
U_65778	1.000000
U_66221	1.000000
U_65838|U_77658	0.999666
U_65838	1.000000
U_77658	1.000000
U_68838|U_74618	0.954097
U_68838|U_76972	0.999628
U_68838	1.000000
U_76972	1.000000
U_67232|U_74618	0.974446
U_67232|U_68597	0.987990
U_67232	1.000000
U_68597	1.000000
U_67692|U_74618	0.988552
U_67692|U_77685	0.999356
U_67692	1.000000
U_75526|U_77685	0.999675
U_75526	1.000000
U_77685	1.000000
U_66535|U_74618	0.991389
U_66535|U_76148	0.992577
U_66535	1.000000
U_75642|U_76148	0.999738
U_75642	1.000000
U_76148	1.000000
U_75617|U_74618	0.995435
U_75617|U_77670	0.999527
U_75617	1.000000
U_77670	1.000000
U_70285|U_74618	0.997662
U_70285	1.000000
U_74609|U_74618	0.999682
U_74609	1.000000
U_74618	1.000000
RS_GCF_000025505.1|RS_GCF_000337335.1	0.210300
RS_GCF_000025505.1|RS_GCF_000734035.1	0.631918
RS_GCF_000025505.1|U_70352	0.708627
RS_GCF_000025505.1	1.000000
RS_GCF_000789255.1|U_70352	0.848470
RS_GCF_000789255.1	1.000000
RS_GCF_001006045.1|U_70352	0.878366
RS_GCF_001006045.1	1.000000
U_70352	1.000000
RS_GCF_000194625.1|RS_GCF_000734035.1	0.670543
RS_GCF_000194625.1|U_70351	0.714408
RS_GCF_000194625.1	1.000000
RS_GCF_000385565.1|U_70351	0.851960
RS_GCF_000385565.1	1.000000
U_70351	1.000000
RS_GCF_000025285.1|RS_GCF_000734035.1	0.714598
RS_GCF_000025285.1	1.000000
U_70336|RS_GCF_000734035.1	0.888751
U_70336	1.000000
RS_GCF_000008665.1|RS_GCF_000734035.1	0.997593
RS_GCF_000008665.1	1.000000
RS_GCF_000734035.1	1.000000
U_68126|RS_GCF_000337335.1	0.269949
U_68126|RS_GCF_000970205.1	0.334559
U_68126|RS_GCF_000251105.1	0.439987
U_68126	1.000000
RS_GCF_000063445.1|RS_GCF_000251105.1	0.794821
RS_GCF_000063445.1	1.000000
GB_GCA_000011005.1|RS_GCF_000251105.1	0.894525
GB_GCA_000011005.1	1.000000
RS_GCF_000251105.1	1.000000
U_77280|RS_GCF_000970205.1	0.363736
U_77280	1.000000
RS_GCF_000711905.1|RS_GCF_000970205.1	0.411108
RS_GCF_000711905.1|U_71113	0.462027
RS_GCF_000711905.1|GB_GCA_001508185.1	0.998684
RS_GCF_000711905.1	1.000000
GB_GCA_001507975.1|GB_GCA_001508185.1	0.999330
GB_GCA_001507975.1	1.000000
GB_GCA_001508185.1	1.000000
U_69449|U_71113	0.664357
U_69449|U_72481	0.760102
U_69449	1.000000
GB_GCA_001509375.1|U_72481	0.890489
GB_GCA_001509375.1|U_69490	0.916449
GB_GCA_001509375.1	1.000000
U_69490	1.000000
U_74883|U_72481	0.908909
U_74883	1.000000
GB_GCA_001602645.1|U_72481	0.951657
GB_GCA_001602645.1	1.000000
GB_GCA_001603195.1|U_72481	0.990488
GB_GCA_001603195.1|RS_GCF_000235565.1	0.997520
GB_GCA_001603195.1	1.000000
RS_GCF_000235565.1	1.000000
U_68162|U_72481	0.999258
U_68162	1.000000
U_72481	1.000000
GB_GCA_000014945.1|U_71113	0.722955
GB_GCA_000014945.1	1.000000
U_67408|U_71113	0.802251
U_67408	1.000000
U_66774|U_71113	0.891623
U_66774	1.000000
U_76006|U_71113	0.991481
U_76006|U_73485	0.994428
U_76006	1.000000
U_72752|U_73485	0.998844
U_72752	1.000000
U_73485	1.000000
U_73407|U_71113	0.995495
U_73407	1.000000
RS_GCF_000204415.1|U_71113	0.997628
RS_GCF_000204415.1	1.000000
GB_GCA_001603225.1|U_71113	0.998319
GB_GCA_001603225.1	1.000000
U_71113	1.000000
U_69443|RS_GCF_000970205.1	0.457671
U_69443|U_71957	0.825138
U_69443	1.000000
U_71957	1.000000
GB_GCA_001317315.1|RS_GCF_000970205.1	0.519878
GB_GCA_001317315.1|RS_GCF_000685155.1	0.808872
GB_GCA_001317315.1	1.000000
RS_GCF_000685155.1	1.000000
RS_GCF_000196655.1|RS_GCF_000970205.1	0.653203
RS_GCF_000196655.1|U_74854	0.701644
RS_GCF_000196655.1|RS_GCF_000217995.1	0.748702
RS_GCF_000196655.1	1.000000
RS_GCF_000217995.1	1.000000
GB_GCA_001577555.1|U_74854	0.734406
GB_GCA_001577555.1|RS_GCF_000970325.1	0.778622
GB_GCA_001577555.1|RS_GCF_000025865.1	0.977862
GB_GCA_001577555.1	1.000000
RS_GCF_000025865.1	1.000000
RS_GCF_000013725.1|RS_GCF_000970325.1	0.892994
RS_GCF_000013725.1	1.000000
RS_GCF_000765475.1|RS_GCF_000970325.1	0.947093
RS_GCF_000765475.1	1.000000
RS_GCF_000970325.1	1.000000
U_74831|U_74854	0.782039
U_74831|U_72483	0.944404
U_74831	1.000000
RS_GCF_000328665.1|U_72483	0.995805
RS_GCF_000328665.1	1.000000
U_68160|U_72483	0.998987
U_68160	1.000000
U_72483	1.000000
RS_GCF_000504205.1|U_74854	0.846025
RS_GCF_000504205.1|U_65880	0.920279
RS_GCF_000504205.1	1.000000
U_65880	1.000000
GB_GCA_001577565.1|U_74854	0.881626
GB_GCA_001577565.1|U_67535	0.988949
GB_GCA_001577565.1	1.000000
U_67535	1.000000
RS_GCF_000306725.1|U_74854	0.957884
RS_GCF_000306725.1	1.000000
U_74854	1.000000
RS_GCF_000970045.1|RS_GCF_000970205.1	0.843062
RS_GCF_000970045.1	1.000000
RS_GCF_000969885.1|RS_GCF_000970205.1	0.905414
RS_GCF_000969885.1|RS_GCF_000969945.1	0.940949
RS_GCF_000969885.1|U_73824	0.949235
RS_GCF_000969885.1|RS_GCF_001304615.1	0.978319
RS_GCF_000969885.1	1.000000
RS_GCF_001304615.1	1.000000
U_73702|U_73824	0.979441
U_73702	1.000000
U_73628|U_73824	0.993846
U_73628	1.000000
U_66122|U_73824	0.996485
U_66122	1.000000
U_73824	1.000000
U_73444|RS_GCF_000969945.1	0.957812
U_73444|U_73758	0.991588
U_73444	1.000000
U_72530|U_73758	0.994464
U_72530	1.000000
U_73758	1.000000
U_65564|RS_GCF_000969945.1	0.967072
U_65564	1.000000
RS_GCF_000970305.1|RS_GCF_000969945.1	0.972626
RS_GCF_000970305.1|U_65576	0.991061
RS_GCF_000970305.1	1.000000
U_65576	1.000000
RS_GCF_000195895.1|RS_GCF_000969945.1	0.980637
RS_GCF_000195895.1|RS_GCF_000970025.1	0.987883
RS_GCF_000195895.1	1.000000
RS_GCF_000970025.1	1.000000
RS_GCF_000969905.1|RS_GCF_000969945.1	0.998107
RS_GCF_000969905.1	1.000000
RS_GCF_000969945.1	1.000000
RS_GCF_000969965.1|RS_GCF_000970205.1	0.933390
RS_GCF_000969965.1|RS_GCF_000979475.1	0.958943
RS_GCF_000969965.1|RS_GCF_000970005.1	0.998913
RS_GCF_000969965.1	1.000000
RS_GCF_000970005.1	1.000000
RS_GCF_000970265.1|RS_GCF_000979475.1	0.972841
RS_GCF_000970265.1	1.000000
RS_GCF_000979385.1|RS_GCF_000979475.1	0.993435
RS_GCF_000979385.1|RS_GCF_000979975.1	0.996413
RS_GCF_000979385.1	1.000000
RS_GCF_000979295.1|RS_GCF_000979975.1	0.997778
RS_GCF_000979295.1	1.000000
RS_GCF_000979975.1	1.000000
RS_GCF_000979425.1|RS_GCF_000979475.1	1.000000
RS_GCF_000979425.1	1.000000
RS_GCF_000979455.1|RS_GCF_000979475.1	1.000000
RS_GCF_000979455.1	1.000000
RS_GCF_000979475.1	1.000000
RS_GCF_000007345.1|RS_GCF_000970205.1	0.941857
RS_GCF_000007345.1|RS_GCF_000970145.1	0.971229
RS_GCF_000007345.1	1.000000
RS_GCF_000970085.1|RS_GCF_000970145.1	0.997427
RS_GCF_000970085.1	1.000000
RS_GCF_000970145.1	1.000000
GB_GCA_001316205.1|RS_GCF_000970205.1	0.959283
GB_GCA_001316205.1|RS_GCF_000970285.1	0.994857
GB_GCA_001316205.1	1.000000
RS_GCF_000970285.1	1.000000
RS_GCF_000744315.1|RS_GCF_000970205.1	0.994172
RS_GCF_000744315.1	1.000000
RS_GCF_000979105.1|RS_GCF_000970205.1	0.995380
RS_GCF_000979105.1	1.000000
GB_GCA_001315865.1|RS_GCF_000970205.1	0.996499
GB_GCA_001315865.1	1.000000
RS_GCF_000970185.1|RS_GCF_000970205.1	0.997573
RS_GCF_000970185.1	1.000000
RS_GCF_000007065.1|RS_GCF_000970205.1	0.999070
RS_GCF_000007065.1	1.000000
RS_GCF_000970205.1	1.000000
U_66783|RS_GCF_000337335.1	0.324828
U_66783|RS_GCF_000691865.1	0.582940
U_66783|RS_GCF_000013445.1	0.994100
U_66783	1.000000
GB_GCA_001602695.1|RS_GCF_000013445.1	0.997707
GB_GCA_001602695.1	1.000000
RS_GCF_000013445.1	1.000000
GB_GCA_001508455.1|RS_GCF_000691865.1	0.625588
GB_GCA_001508455.1|U_73825	0.715649
GB_GCA_001508455.1|U_74371	0.959426
GB_GCA_001508455.1	1.000000
U_74371	1.000000
U_73826|U_73825	0.944324
U_73826	1.000000
RS_GCF_000430905.1|U_73825	0.974612
RS_GCF_000430905.1	1.000000
GB_GCA_001602685.1|U_73825	0.987141
GB_GCA_001602685.1|RS_GCF_000015765.1	0.991245
GB_GCA_001602685.1	1.000000
RS_GCF_000015765.1	1.000000
U_73443|U_73825	0.996162
U_73443	1.000000
U_73825	1.000000
RS_GCF_000021965.1|RS_GCF_000691865.1	0.661145
RS_GCF_000021965.1|U_74249	0.694411
RS_GCF_000021965.1|U_72514	0.779709
RS_GCF_000021965.1	1.000000
U_72514	1.000000
U_74794|U_74249	0.725120
U_74794|U_72508	0.785059
U_74794	1.000000
GB_GCA_001412335.1|U_72508	0.810196
GB_GCA_001412335.1|U_74977	0.980178
GB_GCA_001412335.1	1.000000
U_74977	1.000000
U_72447|U_72508	0.827374
U_72447	1.000000
U_74851|U_72508	0.869447
U_74851	1.000000
U_71133|U_72508	0.904130
U_71133	1.000000
RS_GCF_000235685.2|U_72508	0.923122
RS_GCF_000235685.2	1.000000
U_72508	1.000000
RS_GCF_000017625.1|U_74249	0.837392
RS_GCF_000017625.1|U_66584	0.930329
RS_GCF_000017625.1	1.000000
U_66584	1.000000
U_74834|U_74249	0.883053
U_74834|U_74817	0.924914
U_74834	1.000000
U_71148|U_74817	0.997039
U_71148	1.000000
U_74817	1.000000
RS_GCF_000327485.1|U_74249	0.905934
RS_GCF_000327485.1|U_72442	0.927307
RS_GCF_000327485.1	1.000000
U_72442	1.000000
U_72457|U_74249	0.943145
U_72457	1.000000
U_74249	1.000000
RS_GCF_000275865.1|RS_GCF_000691865.1	0.681804
RS_GCF_000275865.1|U_73795	0.883733
RS_GCF_000275865.1	1.000000
GB_GCA_001571385.1|U_73795	0.988981
GB_GCA_001571385.1	1.000000
U_73795	1.000000
GB_GCA_001412355.1|RS_GCF_000691865.1	0.706826
GB_GCA_001412355.1|RS_GCF_000784355.1	0.757177
GB_GCA_001412355.1	1.000000
RS_GCF_001315945.1|RS_GCF_000784355.1	0.806689
RS_GCF_001315945.1	1.000000
RS_GCF_000711215.1|RS_GCF_000784355.1	0.855290
RS_GCF_000711215.1	1.000000
RS_GCF_000243255.1|RS_GCF_000784355.1	0.880031
RS_GCF_000243255.1	1.000000
RS_GCF_000147875.1|RS_GCF_000784355.1	0.992951
RS_GCF_000147875.1	1.000000
RS_GCF_000784355.1	1.000000
U_65456|RS_GCF_000691865.1	0.748774
U_65456|U_69494	0.999306
U_65456	1.000000
U_69494	1.000000
U_69493|RS_GCF_000691865.1	0.818673
U_69493	1.000000
U_74019|RS_GCF_000691865.1	0.880665
U_74019	1.000000
GB_GCA_900025055.1|RS_GCF_000691865.1	0.904617
GB_GCA_900025055.1|U_73766	0.949374
GB_GCA_900025055.1	1.000000
RS_GCF_000304355.2|U_73766	0.988376
RS_GCF_000304355.2	1.000000
RS_GCF_900036045.1|U_73766	0.994188
RS_GCF_900036045.1	1.000000
U_72723|U_73766	0.996820
U_72723	1.000000
U_73766	1.000000
GB_GCA_001571405.1|RS_GCF_000691865.1	0.920159
GB_GCA_001571405.1|U_66752	0.934106
GB_GCA_001571405.1	1.000000
U_66752	1.000000
U_72540|RS_GCF_000691865.1	0.929188
U_72540|U_73851	0.938575
U_72540	1.000000
U_73851	1.000000
U_72611|RS_GCF_000691865.1	0.936578
U_72611|GB_GCA_001509255.1	0.949751
U_72611	1.000000
U_74796|GB_GCA_001509255.1	0.997708
U_74796	1.000000
GB_GCA_001508665.1|GB_GCA_001509255.1	0.998440
GB_GCA_001508665.1	1.000000
GB_GCA_001509255.1	1.000000
U_69496|RS_GCF_000691865.1	0.954149
U_69496	1.000000
GB_GCA_001315965.1|RS_GCF_000691865.1	0.971453
GB_GCA_001315965.1|GB_GCA_001602375.1	0.975465
GB_GCA_001315965.1	1.000000
GB_GCA_001602375.1	1.000000
RS_GCF_001017125.1|RS_GCF_000691865.1	0.976701
RS_GCF_001017125.1	1.000000
RS_GCF_000015825.1|RS_GCF_000691865.1	0.983821
RS_GCF_000015825.1	1.000000
RS_GCF_000691865.1	1.000000
U_69302|RS_GCF_000337335.1	0.598430
U_69302|U_66628	0.998901
U_69302	1.000000
U_65805|U_66628	0.999455
U_65805	1.000000
U_66628	1.000000
RS_GCF_001011115.1|RS_GCF_000337335.1	0.707862
RS_GCF_001011115.1|RS_GCF_001488575.1	0.754147
RS_GCF_001011115.1|RS_GCF_001305655.1	0.998487
RS_GCF_001011115.1	1.000000
RS_GCF_001305655.1	1.000000
RS_GCF_000474235.1|RS_GCF_001488575.1	0.791416
RS_GCF_000474235.1	1.000000
RS_GCF_000006805.1|RS_GCF_001488575.1	0.861568
RS_GCF_000006805.1|RS_GCF_000069025.1	1.000000
RS_GCF_000006805.1	1.000000
RS_GCF_000069025.1	1.000000
RS_GCF_000230955.2|RS_GCF_001488575.1	0.896614
RS_GCF_000230955.2	1.000000
RS_GCF_001485535.1|RS_GCF_001488575.1	0.966635
RS_GCF_001485535.1	1.000000
RS_GCF_001488575.1	1.000000
RS_GCF_000710615.1|RS_GCF_000337335.1	0.725765
RS_GCF_000710615.1|RS_GCF_000376445.1	0.901281
RS_GCF_000710615.1	1.000000
GB_GCA_001625445.1|RS_GCF_000376445.1	0.950045
GB_GCA_001625445.1	1.000000
RS_GCF_000187225.1|RS_GCF_000376445.1	0.999002
RS_GCF_000187225.1	1.000000
RS_GCF_000376445.1	1.000000
GB_GCA_001593955.1|RS_GCF_000337335.1	0.740897
GB_GCA_001593955.1|RS_GCF_000336715.1	0.774449
GB_GCA_001593955.1|RS_GCF_000337255.1	0.942402
GB_GCA_001593955.1	1.000000
RS_GCF_000196895.1|RS_GCF_000337255.1	0.999218
RS_GCF_000196895.1	1.000000
RS_GCF_000337255.1	1.000000
RS_GCF_000336915.1|RS_GCF_000336715.1	0.887032
RS_GCF_000336915.1|RS_GCF_000336935.1	0.961412
RS_GCF_000336915.1	1.000000
RS_GCF_000334895.1|RS_GCF_000336935.1	0.970248
RS_GCF_000334895.1	1.000000
RS_GCF_000336935.1	1.000000
RS_GCF_000336675.1|RS_GCF_000336715.1	0.910590
RS_GCF_000336675.1	1.000000
RS_GCF_000755245.1|RS_GCF_000336715.1	0.956252
RS_GCF_000755245.1	1.000000
RS_GCF_000336695.1|RS_GCF_000336715.1	0.985331
RS_GCF_000336695.1	1.000000
RS_GCF_000336715.1	1.000000
RS_GCF_000026045.1|RS_GCF_000337335.1	0.752561
RS_GCF_000026045.1|RS_GCF_001485555.1	0.776767
RS_GCF_000026045.1|RS_GCF_000591055.1	0.899833
RS_GCF_000026045.1	1.000000
RS_GCF_000591055.1	1.000000
RS_GCF_000755225.1|RS_GCF_001485555.1	0.807266
RS_GCF_000755225.1|GB_GCA_001564135.1	0.830540
RS_GCF_000755225.1	1.000000
GB_GCA_000416085.1|GB_GCA_001564135.1	0.887352
GB_GCA_000416085.1	1.000000
GB_GCA_001564135.1	1.000000
RS_GCF_000023945.1|RS_GCF_001485555.1	0.835998
RS_GCF_000023945.1|RS_GCF_000470655.1	0.954083
RS_GCF_000023945.1	1.000000
RS_GCF_000215915.2|RS_GCF_000470655.1	0.999493
RS_GCF_000215915.2	1.000000
RS_GCF_000470655.1	1.000000
RS_GCF_000337455.1|RS_GCF_001485555.1	0.857059
RS_GCF_000337455.1	1.000000
RS_GCF_000023965.1|RS_GCF_001485555.1	0.888393
RS_GCF_000023965.1|RS_GCF_000379085.1	0.993848
RS_GCF_000023965.1	1.000000
RS_GCF_000379085.1	1.000000
RS_GCF_001280425.1|RS_GCF_001485555.1	0.977826
RS_GCF_001280425.1	1.000000
RS_GCF_000337775.1|RS_GCF_001485555.1	0.982124
RS_GCF_000337775.1	1.000000
RS_GCF_000336635.1|RS_GCF_001485555.1	0.985454
RS_GCF_000336635.1|RS_GCF_000337275.1	0.988124
RS_GCF_000336635.1	1.000000
RS_GCF_000336895.1|RS_GCF_000337275.1	0.989991
RS_GCF_000336895.1	1.000000
RS_GCF_001485575.1|RS_GCF_000337275.1	0.993086
RS_GCF_001485575.1	1.000000
RS_GCF_000337755.1|RS_GCF_000337275.1	0.997929
RS_GCF_000337755.1	1.000000
RS_GCF_000011085.1|RS_GCF_000337275.1	0.998251
RS_GCF_000011085.1	1.000000
RS_GCF_000337275.1	1.000000
RS_GCF_000336615.1|RS_GCF_001485555.1	0.990830
RS_GCF_000336615.1	1.000000
RS_GCF_000223905.1|RS_GCF_001485555.1	0.994676
RS_GCF_000223905.1|RS_GCF_000504565.1	1.000000
RS_GCF_000223905.1	1.000000
RS_GCF_000504565.1	1.000000
RS_GCF_000815385.1|RS_GCF_001485555.1	0.995357
RS_GCF_000815385.1	1.000000
RS_GCF_000827835.1|RS_GCF_001485555.1	0.998342
RS_GCF_000827835.1	1.000000
RS_GCF_001485555.1	1.000000
GB_GCA_000415945.1|RS_GCF_000337335.1	0.773490
GB_GCA_000415945.1|RS_GCF_000731985.1	0.797068
GB_GCA_000415945.1|RS_GCF_000403645.1	0.831308
GB_GCA_000415945.1	1.000000
RS_GCF_000403645.1	1.000000
GB_GCA_000328525.1|RS_GCF_000731985.1	0.853313
GB_GCA_000328525.1|RS_GCF_000337515.1	0.987618
GB_GCA_000328525.1	1.000000
RS_GCF_000337515.1	1.000000
GB_GCA_001564115.1|RS_GCF_000731985.1	0.873083
GB_GCA_001564115.1|GB_GCA_001564285.1	0.887497
GB_GCA_001564115.1|GB_GCA_001564255.1	0.910262
GB_GCA_001564115.1	1.000000
GB_GCA_001564255.1	1.000000
GB_GCA_001564275.1|GB_GCA_001564285.1	0.944600
GB_GCA_001564275.1	1.000000
GB_GCA_001563955.1|GB_GCA_001564285.1	0.998903
GB_GCA_001563955.1	1.000000
GB_GCA_001564285.1	1.000000
RS_GCF_000517625.1|RS_GCF_000731985.1	0.887129
RS_GCF_000517625.1|RS_GCF_000691505.1	0.976093
RS_GCF_000517625.1	1.000000
RS_GCF_000691505.1	1.000000
GB_GCA_001563805.1|RS_GCF_000731985.1	0.902831
GB_GCA_001563805.1|GB_GCA_001563885.1	0.931180
GB_GCA_001563805.1	1.000000
GB_GCA_001563885.1	1.000000
RS_GCF_000337695.1|RS_GCF_000731985.1	0.913445
RS_GCF_000337695.1|RS_GCF_000337675.1	0.961579
RS_GCF_000337695.1	1.000000
RS_GCF_000328685.1|RS_GCF_000337675.1	0.970322
RS_GCF_000328685.1	1.000000
RS_GCF_000337675.1	1.000000
GB_GCA_001316185.1|RS_GCF_000731985.1	0.924336
GB_GCA_001316185.1|RS_GCF_000337655.1	0.929280
GB_GCA_001316185.1|RS_GCF_000337875.1	0.937898
GB_GCA_001316185.1	1.000000
RS_GCF_000337555.1|RS_GCF_000337875.1	0.957644
RS_GCF_000337555.1|RS_GCF_000337595.1	0.989733
RS_GCF_000337555.1	1.000000
RS_GCF_000337535.1|RS_GCF_000337595.1	0.993887
RS_GCF_000337535.1	1.000000
RS_GCF_000337595.1	1.000000
RS_GCF_000337135.1|RS_GCF_000337875.1	0.987311
RS_GCF_000337135.1	1.000000
RS_GCF_000337575.1|RS_GCF_000337875.1	0.990455
RS_GCF_000337575.1	1.000000
RS_GCF_000025625.1|RS_GCF_000337875.1	0.999550
RS_GCF_000025625.1	1.000000
RS_GCF_000337875.1	1.000000
RS_GCF_000217715.1|RS_GCF_000337655.1	0.937069
RS_GCF_000217715.1	1.000000
RS_GCF_000455345.1|RS_GCF_000337655.1	0.942223
RS_GCF_000455345.1|RS_GCF_000455365.1	0.952297
RS_GCF_000455345.1	1.000000
RS_GCF_000455365.1	1.000000
RS_GCF_000337895.1|RS_GCF_000337655.1	0.958206
RS_GCF_000337895.1	1.000000
RS_GCF_000226975.1|RS_GCF_000337655.1	0.973706
RS_GCF_000226975.1|RS_GCF_000336655.1	0.999546
RS_GCF_000226975.1	1.000000
RS_GCF_000336655.1	1.000000
RS_GCF_000230715.2|RS_GCF_000337655.1	0.999721
RS_GCF_000230715.2	1.000000
RS_GCF_000337655.1	1.000000
RS_GCF_000337215.1|RS_GCF_000731985.1	0.931933
RS_GCF_000337215.1|RS_GCF_000337735.1	0.941091
RS_GCF_000337215.1|RS_GCF_000337495.1	0.953019
RS_GCF_000337215.1	1.000000
RS_GCF_000025325.1|RS_GCF_000337495.1	0.986319
RS_GCF_000025325.1	1.000000
RS_GCF_000337495.1	1.000000
RS_GCF_000337235.1|RS_GCF_000337735.1	0.957196
RS_GCF_000337235.1|RS_GCF_000383975.1	0.999490
RS_GCF_000337235.1	1.000000
RS_GCF_000383975.1	1.000000
RS_GCF_000337715.1|RS_GCF_000337735.1	0.982907
RS_GCF_000337715.1	1.000000
RS_GCF_000337735.1	1.000000
RS_GCF_000784335.1|RS_GCF_000731985.1	0.944240
RS_GCF_000784335.1	1.000000
RS_GCF_000337475.1|RS_GCF_000731985.1	0.952510
RS_GCF_000337475.1	1.000000
RS_GCF_000230735.2|RS_GCF_000731985.1	0.961657
RS_GCF_000230735.2|RS_GCF_000710605.1	0.992744
RS_GCF_000230735.2|RS_GCF_000337635.1	0.999371
RS_GCF_000230735.2	1.000000
RS_GCF_000337635.1	1.000000
RS_GCF_000337115.1|RS_GCF_000710605.1	0.996782
RS_GCF_000337115.1	1.000000
RS_GCF_000710605.1	1.000000
RS_GCF_000337195.1|RS_GCF_000731985.1	0.971846
RS_GCF_000337195.1	1.000000
RS_GCF_000337175.1|RS_GCF_000731985.1	0.988931
RS_GCF_000337175.1|RS_GCF_000493245.1	0.998226
RS_GCF_000337175.1	1.000000
RS_GCF_000281695.1|RS_GCF_000493245.1	0.998888
RS_GCF_000281695.1	1.000000
RS_GCF_000493245.1	1.000000
RS_GCF_000337615.1|RS_GCF_000731985.1	0.991988
RS_GCF_000337615.1	1.000000
GB_GCA_000815265.1|RS_GCF_000731985.1	0.995793
GB_GCA_000815265.1	1.000000
RS_GCF_000337155.1|RS_GCF_000731985.1	0.998831
RS_GCF_000337155.1	1.000000
RS_GCF_000731985.1	1.000000
GB_GCA_000496195.1|RS_GCF_000337335.1	0.817789
GB_GCA_000496195.1|RS_GCF_000336795.1	0.830158
GB_GCA_000496195.1|RS_GCF_000427685.1	0.862363
GB_GCA_000496195.1	1.000000
RS_GCF_000427685.1	1.000000
RS_GCF_000283335.1|RS_GCF_000336795.1	0.849989
RS_GCF_000283335.1|RS_GCF_001469955.1	0.884472
RS_GCF_000283335.1	1.000000
RS_GCF_001469955.1	1.000000
RS_GCF_000337095.1|RS_GCF_000336795.1	0.872923
RS_GCF_000337095.1|RS_GCF_000237865.1	0.891480
RS_GCF_000337095.1|RS_GCF_000337855.1	0.938911
RS_GCF_000337095.1	1.000000
RS_GCF_000172995.2|RS_GCF_000337855.1	0.999148
RS_GCF_000172995.2	1.000000
RS_GCF_000337855.1	1.000000
RS_GCF_000739575.1|RS_GCF_000237865.1	0.909301
RS_GCF_000739575.1	1.000000
GB_GCA_000416005.1|RS_GCF_000237865.1	0.939591
GB_GCA_000416005.1	1.000000
GB_GCA_000415985.1|RS_GCF_000237865.1	0.976019
GB_GCA_000415985.1	1.000000
GB_GCA_000415965.1|RS_GCF_000237865.1	0.981926
GB_GCA_000415965.1	1.000000
RS_GCF_000009185.1|RS_GCF_000237865.1	0.998565
RS_GCF_000009185.1	1.000000
RS_GCF_000237865.1	1.000000
RS_GCF_000336755.1|RS_GCF_000336795.1	0.945486
RS_GCF_000336755.1|RS_GCF_000336955.1	0.991317
RS_GCF_000336755.1	1.000000
RS_GCF_000336955.1	1.000000
RS_GCF_001469865.1|RS_GCF_000336795.1	0.956009
RS_GCF_001469865.1	1.000000
RS_GCF_000337815.1|RS_GCF_000336795.1	0.965679
RS_GCF_000337815.1|RS_GCF_000337295.1	0.979059
RS_GCF_000337815.1	1.000000
RS_GCF_000306765.2|RS_GCF_000337295.1	1.000000
RS_GCF_000306765.2	1.000000
RS_GCF_000337295.1	1.000000
RS_GCF_001469875.1|RS_GCF_000336795.1	0.988556
RS_GCF_001469875.1|RS_GCF_000723845.1	0.990475
RS_GCF_001469875.1	1.000000
RS_GCF_001482285.1|RS_GCF_000723845.1	0.993288
RS_GCF_001482285.1	1.000000
RS_GCF_000336775.1|RS_GCF_000723845.1	0.996664
RS_GCF_000336775.1|RS_GCF_001190965.1	0.999163
RS_GCF_000336775.1	1.000000
RS_GCF_001190965.1	1.000000
RS_GCF_000336815.1|RS_GCF_000723845.1	0.999478
RS_GCF_000336815.1	1.000000
RS_GCF_000723845.1	1.000000
GB_GCA_001368915.1|RS_GCF_000336795.1	0.990426
GB_GCA_001368915.1|RS_GCF_000337835.1	0.993367
GB_GCA_001368915.1	1.000000
RS_GCF_000337795.1|RS_GCF_000337835.1	0.996352
RS_GCF_000337795.1	1.000000
RS_GCF_000337835.1	1.000000
RS_GCF_000336855.1|RS_GCF_000336795.1	0.995030
RS_GCF_000336855.1|RS_GCF_000336975.1	0.999186
RS_GCF_000336855.1	1.000000
RS_GCF_000336835.1|RS_GCF_000336975.1	0.999593
RS_GCF_000336835.1	1.000000
RS_GCF_000336975.1	1.000000
RS_GCF_000025685.1|RS_GCF_000336795.1	0.997141
RS_GCF_000025685.1|RS_GCF_000337315.1	0.999668
RS_GCF_000025685.1	1.000000
RS_GCF_000337315.1	1.000000
RS_GCF_000336735.1|RS_GCF_000336795.1	0.999146
RS_GCF_000336735.1	1.000000
RS_GCF_000336795.1	1.000000
GB_GCA_000416105.1|RS_GCF_000337335.1	0.830180
GB_GCA_000416105.1|RS_GCF_001307315.1	0.852158
GB_GCA_000416105.1|RS_GCF_000495475.1	0.887240
GB_GCA_000416105.1	1.000000
RS_GCF_000495475.1	1.000000
RS_GCF_000224475.1|RS_GCF_001307315.1	0.932801
RS_GCF_000224475.1	1.000000
RS_GCF_001282785.1|RS_GCF_001307315.1	0.966942
RS_GCF_001282785.1	1.000000
RS_GCF_000739555.1|RS_GCF_001307315.1	0.981645
RS_GCF_000739555.1	1.000000
RS_GCF_001307315.1	1.000000
GB_GCA_001564175.1|RS_GCF_000337335.1	0.846564
GB_GCA_001564175.1|GB_GCA_001563965.1	0.874425
GB_GCA_001564175.1	1.000000
GB_GCA_000416025.1|GB_GCA_001563965.1	0.914511
GB_GCA_000416025.1|GB_GCA_000496215.1	0.995872
GB_GCA_000416025.1	1.000000
GB_GCA_000496215.1	1.000000
GB_GCA_001563795.1|GB_GCA_001563965.1	0.939004
GB_GCA_001563795.1	1.000000
GB_GCA_001563965.1	1.000000
GB_GCA_000416045.1|RS_GCF_000337335.1	0.865341
GB_GCA_000416045.1|GB_GCA_000496235.1	0.997915
GB_GCA_000416045.1	1.000000
GB_GCA_000496235.1	1.000000
RS_GCF_000447865.2|RS_GCF_000337335.1	0.892499
RS_GCF_000447865.2|RS_GCF_001462205.1	0.912537
RS_GCF_000447865.2	1.000000
RS_GCF_001462205.1	1.000000
GB_GCA_001564085.1|RS_GCF_000337335.1	0.928924
GB_GCA_001564085.1	1.000000
GB_GCA_000496175.1|RS_GCF_000337335.1	0.940471
GB_GCA_000496175.1|GB_GCA_001542905.1	0.959129
GB_GCA_000496175.1	1.000000
GB_GCA_001542905.1	1.000000
RS_GCF_000746205.1|RS_GCF_000337335.1	0.957428
RS_GCF_000746205.1|RS_GCF_000739595.1	0.962942
RS_GCF_000746205.1	1.000000
RS_GCF_000336995.1|RS_GCF_000739595.1	0.968310
RS_GCF_000336995.1|GB_GCA_001564205.1	0.977603
RS_GCF_000336995.1	1.000000
GB_GCA_001564005.1|GB_GCA_001564205.1	1.000000
GB_GCA_001564005.1	1.000000
GB_GCA_001564205.1	1.000000
GB_GCA_001261915.1|RS_GCF_000739595.1	0.973454
GB_GCA_001261915.1	1.000000
RS_GCF_000337355.1|RS_GCF_000739595.1	0.982241
RS_GCF_000337355.1|RS_GCF_000337375.1	0.986529
RS_GCF_000337355.1	1.000000
RS_GCF_000337375.1	1.000000
RS_GCF_000022205.1|RS_GCF_000739595.1	0.984266
RS_GCF_000022205.1	1.000000
RS_GCF_000337915.1|RS_GCF_000739595.1	0.987834
RS_GCF_000337915.1	1.000000
RS_GCF_000700025.1|RS_GCF_000739595.1	0.997951
RS_GCF_000700025.1	1.000000
RS_GCF_000739595.1	1.000000
RS_GCF_000513435.1|RS_GCF_000337335.1	0.978248
RS_GCF_000513435.1|RS_GCF_000337415.1	0.987324
RS_GCF_000513435.1	1.000000
RS_GCF_000337075.1|RS_GCF_000337415.1	0.992575
RS_GCF_000337075.1	1.000000
RS_GCF_000337415.1	1.000000
RS_GCF_000336875.1|RS_GCF_000337335.1	0.982862
RS_GCF_000336875.1|RS_GCF_000421805.1	0.984819
RS_GCF_000336875.1	1.000000
RS_GCF_000337035.1|RS_GCF_000421805.1	0.989018
RS_GCF_000337035.1	1.000000
RS_GCF_000421805.1	1.000000
RS_GCF_001280455.1|RS_GCF_000337335.1	0.985061
RS_GCF_001280455.1	1.000000
RS_GCF_000296615.1|RS_GCF_000337335.1	0.990002
RS_GCF_000296615.1	1.000000
RS_GCF_000337395.1|RS_GCF_000337335.1	0.997220
RS_GCF_000337395.1	1.000000
RS_GCF_000337015.1|RS_GCF_000337335.1	0.997962
RS_GCF_000337015.1|RS_GCF_000337435.1	0.998483
RS_GCF_000337015.1	1.000000
RS_GCF_000337435.1	1.000000
RS_GCF_000337055.1|RS_GCF_000337335.1	0.999535
RS_GCF_000337055.1	1.000000
RS_GCF_000337335.1	1.000000
